{"feUbr80rEqavxSPTf785IQ==":"mbr-719x1080.jpg","RLGyoHri1SyXHE+m7cx8QA==":"redtelcel-700x700.png","CHoaSiO2zKRHOzyj94n0MA==":"30888-smarttec_article-564x375.jpg","7vZgNOHz3bsZo7uklHJ7xA==":"21488-enter-ti_xlarge-627x417.jpg","J/GIOpzJBpo14anDmUwZ8Q==":"450-1000-450x300.jpg","WYziJO0uF14S5JK/CWqiZQ==":"mbr-1620x1080.jpg","7Lk9Q23GQWMXxdYEWq+/jw==":"21488-enter-ti_xlarge-1-627x417.jpg","/KRL2Y++FJK5Or8dAenWgA==":"21488-enter-ti_xlarge-2-627x417.jpg","xWOQbmJPKaTSwZQc2KN6Eg==":"21488-enter-ti_xlarge-3-627x417.jpg","YiGQ71fyq6rXlnQtQ+XROA==":"21488-enter-ti_xlarge-4-627x417.jpg","COp6Ct9/eQxhaqjvleF+Pg==":"coppa-726x400.jpg","wi+SsXaCRffefAFllwyF+g==":"recomendaciones-331x234.png","357alVc8VbqdGVuUu3fWiw==":"recomendaciones-1-331x234.png","I29cksbHZAo+QB61LojIxA==":"recomend-330x312.png","WwO0dyr1QIyE3/It+ZIOCQ==":"sin%20t%C3%ADtulo-108x127.png","QVTTqpeLKZU3ZFc4jjUPVw==":"logo1-108x127.png","2nuySuVM4B+2RhIXBdJASw==":"logo-440x400.png","Qwclw+fQM60kWjeymOn1nQ==":"logo1-300x300.png","17mmnk9WR8ebQ1R7jTPZPw==":"recomend-1-330x312.png","CGGtf1MuvLFB/KUrA/+mag==":"jumbotron.jpg","lS+6kVeBxmapxir0dwt6lg==":"mbr-1626x1080.jpg","9A6zo6Amf7JDV/Q3fWFRrQ==":"mbr-1-1620x1080.jpg","1Nqy3neClRt1zD2RvMQTBg==":"logo1-201x84.png","lf3vwRclwLyfkV3+QKK7kQ==":"mbr-2-1620x1080.jpg","PzOBTXnHkFPCVlO65AuWwQ==":"mbr-3-1620x1080.jpg","KipUJ2+NwmtY94N5bPKzGg==":"mbr-4-1620x1080.jpg","EoSBD8mdfgVtdj7Jbna+cQ==":"recomend-2-330x312.png","+xZkDjd+ZKvL7lF8PHcVhA==":"protege-menores-en-internet_l-800x600.png","KgEivaNZAjBKWhqxIanh3g==":"404_dicascuriosidades_materia-895x415.jpg","5Pc5ipLKUBh6yqWuWbGpzg==":"404_dicascuriosidades_materia-1-895x415.jpg","oXdxu0t/Ljcmj/QlAB+Zig==":"14864704874591-660x371.jpg","AFkmUEWzjq9Fdj7/iyKvVw==":"seguridad-resdes-sociales-1000x900.jpg","qMiVeYEqsr+ebC/YzObmBA==":"logo1-1-201x84.png","urBoAfPFNggBmI39Pp2CFg==":"logo1-2-201x84.png","NX0BWfwA1kgI6vI8s9ocwQ==":"logo1-3-201x84.png","yjvteOi7Cbl06G4IGomLdA==":"logo1-4-201x84.png","LUKr8oGhTLgW0wQlcxxgYw==":"internet-logo-400x243.png","7CVXe3TIAem7etRgDcCnMA==":"internet-logo%20(1)-400x243.png","9OjddAwq4Ir1mwF2OfEd4A==":"internet-logo%20(1)-400x243.png","7vAIbHWP/hqrjorqktKzoQ==":"internet-logo%20(2)-400x255.png","xmKucmi0E+9+5JuAK9MOxQ==":"internet-logo%20(3)-400x210.png","M3AxGSXiWM+LGON8eUF/6w==":"internet-logo%20(3)-400x210.png","ucAyZ89gBohzl6evNlMw1w==":"internet-logo%20(3)-400x210.png","BiBpFPxAeDKb5QdfdCx3Ag==":"internet-logo%20(3)-400x210.png"}